{
  "case_count": 150,
  "answerable_case_count": 144,
  "top_k": 5,
  "recall_at_1": 0.680556,
  "recall_at_3": 0.847222,
  "recall_at_5": 0.902778,
  "mrr": 0.771759
}