{
  "case_count": 150,
  "answerable_case_count": 144,
  "top_k": 5,
  "recall_at_1": 0.784722,
  "recall_at_3": 0.902778,
  "recall_at_5": 0.923611,
  "mrr": 0.840162
}