{
  "case_count": 150,
  "answerable_case_count": 144,
  "top_k": 5,
  "recall_at_1": 0.805556,
  "recall_at_3": 0.916667,
  "recall_at_5": 0.930556,
  "mrr": 0.857292
}