{
  "case_count": 50,
  "answerable_case_count": 46,
  "top_k": 5,
  "recall_at_1": 0.565217,
  "recall_at_3": 0.652174,
  "recall_at_5": 0.73913,
  "mrr": 0.621014
}