{
  "case_count": 150,
  "answerable_case_count": 144,
  "top_k": 5,
  "recall_at_1": 0.736111,
  "recall_at_3": 0.854167,
  "recall_at_5": 0.909722,
  "mrr": 0.803704
}