{
  "case_count": 150,
  "answerable_case_count": 144,
  "top_k": 5,
  "recall_at_1": 0.8125,
  "recall_at_3": 0.909722,
  "recall_at_5": 0.9375,
  "mrr": 0.861111
}